window,pattern,actual,naive_last,ARIMA,LSTM,XGBoost,Dynamic (FAP-Scale),Oracle routing,routed_to
0,bursty,14.281374653832867,14.927633723513914,18.01836388923417,16.783938224866162,15.257794380187988,16.783938224866162,16.783938224866162,LSTM
0,bursty,14.95447337270804,14.281374653832867,18.904458952130067,16.53471385468204,14.937275886535645,16.53471385468204,16.53471385468204,LSTM
0,bursty,15.479325428218099,14.95447337270804,18.399692008852128,16.66271021532968,14.869698524475098,16.66271021532968,16.66271021532968,LSTM
0,bursty,14.443841404130964,15.479325428218099,17.42399106105087,16.862796722091634,16.2343807220459,16.862796722091634,16.862796722091634,LSTM
0,bursty,16.13188870902386,14.443841404130964,15.203974991909435,16.600352094168286,14.090200424194336,16.600352094168286,16.600352094168286,LSTM
0,bursty,14.810106041259147,16.13188870902386,15.138988814250991,17.03912756219169,19.2251033782959,17.03912756219169,17.03912756219169,LSTM
0,bursty,15.933755218740886,14.810106041259147,13.379246401101248,16.744114798665525,11.98831844329834,16.744114798665525,16.744114798665525,LSTM
0,bursty,14.801112634601694,15.933755218740886,14.017680788891752,17.00952712292785,25.77815055847168,17.00952712292785,17.00952712292785,LSTM
0,bursty,16.08311279204537,14.801112634601694,13.036125151109525,16.727551341642513,13.2441987991333,16.727551341642513,16.727551341642513,LSTM
0,bursty,15.946368214067746,16.08311279204537,14.703820980337529,17.0438285935936,14.67115592956543,17.0438285935936,17.0438285935936,LSTM
0,bursty,15.101076602610254,15.946368214067746,15.084002549103648,17.0853419772056,19.844573974609375,17.0853419772056,17.0853419772056,LSTM
0,bursty,16.238500156442065,15.101076602610254,16.40692783858342,16.82568662892536,19.130327224731445,16.82568662892536,16.82568662892536,LSTM
1,hybrid,13.577073580177757,16.13444127786089,13.663553779318502,15.402244416967333,14.504158973693848,14.504158973693848,14.504158973693848,XGBoost
1,hybrid,12.492758401371105,13.577073580177757,12.959438241544088,14.701781057522648,13.056594848632812,13.056594848632812,13.056594848632812,XGBoost
1,hybrid,11.12722743505498,12.492758401371105,13.528693804679966,14.358334717218334,12.554801940917969,12.554801940917969,12.554801940917969,XGBoost
1,hybrid,10.450259217061388,11.12722743505498,14.79067420839266,13.944904194669242,20.081958770751953,20.081958770751953,20.081958770751953,XGBoost
1,hybrid,10.185023017261404,10.450259217061388,16.36891190744221,13.631720113908688,14.030519485473633,14.030519485473633,14.030519485473633,XGBoost
1,hybrid,8.367293310100417,10.185023017261404,17.97600941881373,13.41140747982338,10.856947898864746,10.856947898864746,10.856947898864746,XGBoost
1,hybrid,6.857698870058055,8.367293310100417,18.044987904559928,12.903700707590488,9.727513313293457,9.727513313293457,9.727513313293457,XGBoost
1,hybrid,9.402222098503312,6.857698870058055,16.609050634317835,12.338718037474194,16.041898727416992,16.041898727416992,16.041898727416992,XGBoost
1,hybrid,10.945629975225062,9.402222098503312,16.04126065978876,12.438079513331125,15.595148086547852,15.595148086547852,15.595148086547852,XGBoost
1,hybrid,15.271787622140312,10.945629975225062,15.64312807720777,12.833384016631845,16.229877471923828,16.229877471923828,16.229877471923828,XGBoost
1,hybrid,17.461454134879503,15.271787622140312,16.50313444734021,14.250519084592984,18.93315887451172,18.93315887451172,18.93315887451172,XGBoost
1,hybrid,20.88008013710265,17.461454134879503,17.175135999207892,15.635868914238529,20.33579444885254,20.33579444885254,20.33579444885254,XGBoost
2,periodic,11.573923404378373,10.214643674044273,11.185532918634483,9.718702127981883,10.578722953796387,11.185532918634483,11.185532918634483,ARIMA
2,periodic,12.183120091004817,11.573923404378373,12.192061853418425,10.486884549682134,12.314569473266602,12.192061853418425,12.192061853418425,ARIMA
2,periodic,14.182151208044601,12.183120091004817,13.01281170172656,10.909852583712295,13.002188682556152,13.01281170172656,13.01281170172656,ARIMA
2,periodic,14.364583889349671,14.182151208044601,13.900901477040522,12.11624660968127,14.93380069732666,13.900901477040522,13.900901477040522,ARIMA
2,periodic,14.00525281928809,14.364583889349671,14.310318815734771,12.166205678350204,14.518827438354492,14.310318815734771,14.310318815734771,ARIMA
2,periodic,14.913079029470271,14.00525281928809,14.384155208005826,11.694770922117556,14.387378692626953,14.384155208005826,14.384155208005826,ARIMA
2,periodic,15.023203072046076,14.913079029470271,14.776708927648448,12.322518222802234,14.68736457824707,14.776708927648448,14.776708927648448,ARIMA
2,periodic,14.386703562346309,15.023203072046076,14.925391566119051,12.405471301145866,15.120715141296387,14.925391566119051,14.925391566119051,ARIMA
2,periodic,15.203122694920264,14.386703562346309,14.871929244181423,11.913902877479535,15.151988983154297,14.871929244181423,14.871929244181423,ARIMA
2,periodic,14.929486927398486,15.203122694920264,15.076217749735477,12.590934771474853,15.084440231323242,15.076217749735477,15.076217749735477,ARIMA
2,periodic,15.862448338684162,14.929486927398486,15.103841625846178,12.424646751455978,15.299830436706543,15.103841625846178,15.103841625846178,ARIMA
2,periodic,14.727175195776645,15.862448338684162,15.246248702914817,13.164709350775365,15.348801612854004,15.246248702914817,15.246248702914817,ARIMA
3,bursty,19.219870936976502,40.92445965797161,34.85035599005528,20.49360100350286,17.621850967407227,20.49360100350286,20.49360100350286,LSTM
3,bursty,17.904080303927522,19.219870936976502,29.573142783439607,14.665147546147173,17.324539184570312,14.665147546147173,14.665147546147173,LSTM
3,bursty,19.225221433628413,17.904080303927522,22.385677383082623,16.853630536401717,16.962080001831055,16.853630536401717,16.853630536401717,LSTM
3,bursty,16.738850081443083,19.225221433628413,22.063673917190602,17.929995937265943,16.14441680908203,17.929995937265943,17.929995937265943,LSTM
3,bursty,19.738430066501937,16.738850081443083,17.95326577833869,17.609532800271637,16.32951545715332,17.609532800271637,17.609532800271637,LSTM
3,bursty,17.200031394949445,19.738430066501937,22.37673862382391,18.606188409243583,17.738914489746094,18.606188409243583,18.606188409243583,LSTM
3,bursty,16.148376995670365,17.200031394949445,18.17683698985339,17.920030237562692,17.605459213256836,17.920030237562692,17.920030237562692,LSTM
3,bursty,19.689265417101925,16.148376995670365,20.52736558175361,17.416165434603894,17.240367889404297,17.416165434603894,17.416165434603894,LSTM
3,bursty,21.013580581335187,19.689265417101925,19.905699261202606,18.495816279799012,17.59788703918457,18.495816279799012,18.495816279799012,LSTM
3,bursty,65.15735509978029,21.013580581335187,22.49564356940126,19.277127634217567,18.989044189453125,19.277127634217567,19.277127634217567,LSTM
3,bursty,56.03205763033151,65.15735509978029,44.11583052106637,45.5514034365819,47.449581146240234,45.5514034365819,45.5514034365819,LSTM
3,bursty,49.68982888123964,56.03205763033151,36.54862624837598,42.09511088731362,39.21127700805664,42.09511088731362,42.09511088731362,LSTM
4,hybrid,12.106838988335506,10.623163626614263,11.2310703782881,11.771055234826793,11.46357250213623,11.46357250213623,11.46357250213623,XGBoost
4,hybrid,24.750587518727336,12.106838988335506,12.479187136373094,12.357242381087712,13.032711029052734,13.032711029052734,13.032711029052734,XGBoost
4,hybrid,17.719705443526713,24.750587518727336,16.232329574673074,18.639527875150026,13.807440757751465,13.807440757751465,13.807440757751465,XGBoost
4,hybrid,13.709608268111007,17.719705443526713,15.267770044558095,14.949525902013042,12.435321807861328,12.435321807861328,12.435321807861328,XGBoost
4,hybrid,13.576763320627538,13.709608268111007,14.718852547902443,12.8990369682389,14.355480194091797,14.355480194091797,14.355480194091797,XGBoost
4,hybrid,15.12027539681755,13.576763320627538,15.369531909849044,12.866922090705453,15.476889610290527,15.476889610290527,15.476889610290527,XGBoost
4,hybrid,16.65139721117648,15.12027539681755,16.557922715546294,13.612946644981193,14.287043571472168,14.287043571472168,14.287043571472168,XGBoost
4,hybrid,16.808819573626593,16.65139721117648,17.95844084808039,14.538685743356611,16.39362907409668,16.39362907409668,16.39362907409668,XGBoost
4,hybrid,17.275061859090332,16.808819573626593,18.847123488695217,14.791995894943605,19.555753707885742,19.555753707885742,19.555753707885742,XGBoost
4,hybrid,17.547993391474044,17.275061859090332,19.547665779799345,15.028601517995725,17.129467010498047,17.129467010498047,17.129467010498047,XGBoost
4,hybrid,18.5959870236136,17.547993391474044,19.606973322232317,15.155006804389476,17.855758666992188,17.855758666992188,17.855758666992188,XGBoost
4,hybrid,16.625869362159506,18.5959870236136,19.317482658898555,15.703015503030555,17.09724235534668,17.09724235534668,17.09724235534668,XGBoost
5,periodic,8.767592281278109,10.676569819675514,9.148258216142533,12.503235286155327,9.265035629272461,9.148258216142533,9.148258216142533,ARIMA
5,periodic,8.936048727974846,8.767592281278109,8.074258027358724,12.0390354046796,8.15164852142334,8.074258027358724,8.074258027358724,ARIMA
5,periodic,9.341419606503147,8.936048727974846,8.801905859112976,11.840334266235743,8.665254592895508,8.801905859112976,8.801905859112976,ARIMA
5,periodic,12.652660324830721,9.341419606503147,12.593366723156366,11.787987372930218,12.572877883911133,12.593366723156366,12.593366723156366,ARIMA
5,periodic,17.39201656249162,12.652660324830721,17.336946973784183,12.531422533489895,17.43437385559082,17.336946973784183,17.336946973784183,ARIMA
5,periodic,21.24119224437335,17.39201656249162,21.445463717786303,14.823421366317246,21.47562599182129,21.445463717786303,21.445463717786303,ARIMA
5,periodic,21.24596520316444,21.24119224437335,22.344806196636068,18.1195385095246,22.72677993774414,22.344806196636068,22.344806196636068,ARIMA
5,periodic,20.083231735169683,21.24596520316444,20.536556359649186,18.008244900343403,20.970081329345703,20.536556359649186,20.536556359649186,ARIMA
5,periodic,17.681252252282803,20.083231735169683,17.011924204516042,16.14624892398412,17.09821319580078,17.011924204516042,17.011924204516042,ARIMA
5,periodic,15.093111824968947,17.681252252282803,14.513202374651534,14.200866187783738,14.375765800476074,14.513202374651534,14.513202374651534,ARIMA
5,periodic,13.293578111427763,15.093111824968947,12.530275770267862,13.435923516265364,12.351569175720215,12.530275770267862,12.530275770267862,ARIMA
5,periodic,10.131677786241205,13.293578111427763,11.042431073809027,13.181087005872111,10.661395072937012,11.042431073809027,11.042431073809027,ARIMA
6,periodic,17.67066968549884,18.989528451291957,17.988814474852003,18.43408807537788,18.0814151763916,17.988814474852003,17.988814474852003,ARIMA
6,periodic,15.541807635311617,17.67066968549884,16.519488319639734,18.00268149287053,16.581829071044922,16.519488319639734,16.519488319639734,ARIMA
6,periodic,15.519993170514306,15.541807635311617,14.850490075019001,17.38878073264226,16.264911651611328,14.850490075019001,14.850490075019001,ARIMA
6,periodic,13.718843421732249,15.519993170514306,13.158645112712566,17.2406083589993,13.17434024810791,13.158645112712566,13.158645112712566,ARIMA
6,periodic,11.168875840159485,13.718843421732249,11.817018695340785,16.782369067595393,11.43539047241211,11.817018695340785,11.817018695340785,ARIMA
6,periodic,10.655292290934627,11.168875840159485,10.986659060692514,16.125556166875782,11.60562515258789,10.986659060692514,10.986659060692514,ARIMA
6,periodic,9.72640721058642,10.655292290934627,10.565765731338583,15.658062739411303,10.63161563873291,10.565765731338583,10.565765731338583,ARIMA
6,periodic,11.048087377554996,9.72640721058642,11.033292553227211,15.208637257223714,10.838327407836914,11.033292553227211,11.033292553227211,ARIMA
6,periodic,12.558993205261423,11.048087377554996,12.047361713326573,15.042306184562516,11.724655151367188,12.047361713326573,12.047361713326573,ARIMA
6,periodic,14.030515353553499,12.558993205261423,13.877526483143566,15.175901306273193,13.903785705566406,13.877526483143566,13.877526483143566,ARIMA
6,periodic,16.27110437187798,14.030515353553499,16.188589857188163,15.536955818697225,16.641897201538086,16.188589857188163,16.188589857188163,ARIMA
6,periodic,18.88343275310619,16.27110437187798,18.674920774383708,16.28120310396344,17.93787956237793,18.674920774383708,18.674920774383708,ARIMA
7,bursty,13.670104684574355,22.844634018142198,17.792712665467278,18.28557449930907,13.879887580871582,18.28557449930907,18.28557449930907,LSTM
7,bursty,13.128634361646498,13.670104684574355,17.797282710013473,14.521634470672327,13.114806175231934,14.521634470672327,14.521634470672327,LSTM
7,bursty,12.402038889826782,13.128634361646498,14.535353354334223,14.236014027199081,14.589585304260254,14.236014027199081,14.236014027199081,LSTM
7,bursty,12.603229534935949,12.402038889826782,17.3392358252403,14.083975226983696,12.992513656616211,14.083975226983696,14.083975226983696,LSTM
7,bursty,12.725034674141988,12.603229534935949,15.634159937871932,14.187351176364123,12.14673137664795,14.187351176364123,14.187351176364123,LSTM
7,bursty,12.024318610249226,12.725034674141988,16.349385874052086,14.281652835248785,14.048081398010254,14.281652835248785,14.281652835248785,LSTM
7,bursty,10.623741472354546,12.024318610249226,15.289580869660401,14.107322717400436,12.37572956085205,14.107322717400436,14.107322717400436,LSTM
7,bursty,11.780109533182577,10.623741472354546,15.131346732918175,13.652384407827178,13.616694450378418,13.652384407827178,13.652384407827178,LSTM
7,bursty,11.680270910761879,11.780109533182577,15.460340033260163,13.784983835278826,12.552738189697266,13.784983835278826,13.784983835278826,LSTM
7,bursty,11.531336640659081,11.680270910761879,15.394948107833759,13.783629559252052,13.92481517791748,13.783629559252052,13.783629559252052,LSTM
7,bursty,10.943305283107552,11.531336640659081,15.276191108323076,13.716633447329237,16.493091583251953,13.716633447329237,13.716633447329237,LSTM
7,bursty,10.726634120327116,10.943305283107552,14.88266899590716,13.505865178876416,11.30717945098877,13.505865178876416,13.505865178876416,LSTM
8,hybrid,9.986517400484804,10.536057873070085,9.534648398304702,12.52883175466277,10.621641159057617,10.621641159057617,10.621641159057617,XGBoost
8,hybrid,9.524135324503964,9.986517400484804,9.888848395625761,12.332274016005732,10.314837455749512,10.314837455749512,10.314837455749512,XGBoost
8,hybrid,9.859199168874909,9.524135324503964,10.419298788401592,12.13002571960866,10.354737281799316,10.354737281799316,10.354737281799316,XGBoost
8,hybrid,10.307869271472468,9.859199168874909,11.32360574813043,12.079518471079883,11.490978240966797,11.490978240966797,11.490978240966797,XGBoost
8,hybrid,11.489013029753476,10.307869271472468,12.45756827077681,12.128447934192398,12.074300765991211,12.074300765991211,12.074300765991211,XGBoost
8,hybrid,13.800370418139776,11.489013029753476,14.268152702063448,12.419924156737011,13.359529495239258,13.359529495239258,13.359529495239258,XGBoost
8,hybrid,15.46959611074938,13.800370418139776,16.299719584276804,13.240683412929881,17.137739181518555,17.137739181518555,17.137739181518555,XGBoost
8,hybrid,19.197191642677662,15.46959611074938,18.399981517026106,14.15902281942517,18.885398864746094,18.885398864746094,18.885398864746094,XGBoost
8,hybrid,19.23157569274377,19.197191642677662,19.67295395526843,16.30258288209332,20.620161056518555,20.620161056518555,20.620161056518555,XGBoost
8,hybrid,19.576806627627956,19.23157569274377,19.81848534485697,16.43221390232834,19.322402954101562,19.322402954101562,19.322402954101562,XGBoost
8,hybrid,18.730774135631354,19.576806627627956,18.35151656642683,16.333169408132704,18.179794311523438,18.179794311523438,18.179794311523438,XGBoost
8,hybrid,15.229188565069332,18.730774135631354,16.125294802115214,15.512879887546488,15.869465827941895,15.869465827941895,15.869465827941895,XGBoost
9,bursty,10.892420824609768,9.408803926334137,9.820462056233215,11.29458135507766,9.080096244812012,11.29458135507766,11.29458135507766,LSTM
9,bursty,9.55706968698114,10.892420824609768,14.045120596300585,11.725398504628807,9.776716232299805,11.725398504628807,11.725398504628807,LSTM
9,bursty,10.913623536902389,9.55706968698114,10.0425377224501,11.454981431111532,9.586403846740723,11.454981431111532,11.454981431111532,LSTM
9,bursty,10.670141987011894,10.913623536902389,9.573080597970575,11.754711267238983,11.615181922912598,11.754711267238983,11.754711267238983,LSTM
9,bursty,10.047321903376712,10.670141987011894,12.426647733731798,11.764868601648999,11.172455787658691,11.764868601648999,11.764868601648999,LSTM
9,bursty,10.663321197925832,10.047321903376712,9.941205391004338,11.577774764490131,13.251008033752441,11.577774764490131,11.577774764490131,LSTM
9,bursty,10.521830265127145,10.663321197925832,13.624519965135399,11.708409777357302,10.108407020568848,11.708409777357302,11.708409777357302,LSTM
9,bursty,12.045870189860171,10.521830265127145,10.529038868171597,11.705633513018267,11.003814697265625,11.705633513018267,11.705633513018267,LSTM
9,bursty,10.724777123009341,12.045870189860171,10.036574428293289,12.188335642516302,10.600489616394043,12.188335642516302,12.188335642516302,LSTM
9,bursty,11.116663356115575,10.724777123009341,12.229319584658588,11.895865261126733,12.082254409790039,11.895865261126733,11.895865261126733,LSTM
9,bursty,10.589761407298388,11.116663356115575,10.377538593823925,11.947149147988739,10.80014419555664,11.947149147988739,11.947149147988739,LSTM
9,bursty,10.85827848008273,10.589761407298388,13.395486441299152,11.803690807513469,10.658175468444824,11.803690807513469,11.803690807513469,LSTM
10,hybrid,7.205492951698208,8.423953304600738,8.625734334527108,7.873847535588986,6.309100151062012,6.309100151062012,6.309100151062012,XGBoost
10,hybrid,6.370480936207884,7.205492951698208,7.891017087497062,7.618706544963009,6.443589687347412,6.443589687347412,6.443589687347412,XGBoost
10,hybrid,5.333939550986508,6.370480936207884,7.36548324620879,7.337459929765565,6.465354919433594,6.465354919433594,6.465354919433594,XGBoost
10,hybrid,5.214430234252775,5.333939550986508,6.5606982567592045,6.988261229365891,5.579961776733398,5.579961776733398,5.579961776733398,XGBoost
10,hybrid,5.965434217786348,5.214430234252775,5.744998699197049,6.8325918560248216,4.969242572784424,4.969242572784424,4.969242572784424,XGBoost
10,hybrid,4.730409925187475,5.965434217786348,5.724807967989069,6.939244966774262,4.777283668518066,4.777283668518066,4.777283668518066,XGBoost
10,hybrid,4.115373599692236,4.730409925187475,4.86269381671206,6.679728985203609,4.513638019561768,4.513638019561768,4.513638019561768,XGBoost
10,hybrid,4.530108585888594,4.115373599692236,4.454362955837253,6.435509955795336,4.636707782745361,4.636707782745361,4.636707782745361,XGBoost
10,hybrid,4.939388225773845,4.530108585888594,4.939521059725958,6.389381621426425,4.846243858337402,4.846243858337402,4.846243858337402,XGBoost
10,hybrid,6.16873777595632,4.939388225773845,5.680699498927117,6.444576416292085,5.6562628746032715,5.6562628746032715,5.6562628746032715,XGBoost
10,hybrid,7.262314189381997,6.16873777595632,7.145237065968007,6.758215092273729,6.871964454650879,6.871964454650879,6.871964454650879,XGBoost
10,hybrid,7.553531330405032,7.262314189381997,8.672124148892411,7.208489261614346,8.292486190795898,8.292486190795898,8.292486190795898,XGBoost
11,hybrid,20.41828672536229,20.533126617553194,23.84006926277854,17.741020033724638,21.749858856201172,21.749858856201172,21.749858856201172,XGBoost
11,hybrid,20.621701093943994,20.41828672536229,26.592739144219045,17.877122213992898,33.83968734741211,33.83968734741211,33.83968734741211,XGBoost
11,hybrid,21.69842273132913,20.621701093943994,25.12001384773206,18.01153071384335,21.492815017700195,21.492815017700195,21.492815017700195,XGBoost
11,hybrid,21.03731056833579,21.69842273132913,26.131805375722347,18.56830911042725,22.809720993041992,22.809720993041992,22.809720993041992,XGBoost
11,hybrid,23.98805441618589,21.03731056833579,22.225302022757404,18.36315200665531,21.04097557067871,21.04097557067871,21.04097557067871,XGBoost
11,hybrid,24.238247003320588,23.98805441618589,24.24371091333832,19.82643169053034,23.433155059814453,24.24371091333832,23.433155059814453,ARIMA
11,hybrid,23.720780743877363,24.238247003320588,20.80771298183922,20.134220666495793,23.567045211791992,20.80771298183922,23.567045211791992,ARIMA
11,hybrid,22.876828281037206,23.720780743877363,21.909320790741244,19.81998996095839,23.616605758666992,21.909320790741244,23.616605758666992,ARIMA
11,hybrid,21.229758115627188,22.876828281037206,18.38558496678998,19.34275088441816,22.982097625732422,18.38558496678998,22.982097625732422,ARIMA
11,hybrid,22.021632018374717,21.229758115627188,18.87036049232556,18.596957886125438,19.300020217895508,18.87036049232556,19.300020217895508,ARIMA
11,hybrid,19.06505289333798,22.021632018374717,17.69537734421568,19.017059986595314,17.810684204101562,17.69537734421568,17.810684204101562,ARIMA
11,hybrid,15.83291968334371,19.06505289333798,16.259526144811836,17.91000058963977,15.766053199768066,15.766053199768066,15.766053199768066,XGBoost
12,periodic,5.0093642426828495,3.7195785654814024,4.357936097740663,9.798064221620947,4.6462883949279785,4.357936097740663,4.357936097740663,ARIMA
12,periodic,5.42544082656239,5.0093642426828495,5.536549660665416,9.500728082850241,4.435313701629639,5.536549660665416,5.536549660665416,ARIMA
12,periodic,5.268271248036453,5.42544082656239,6.612219084300696,9.363732443976893,4.796846389770508,6.612219084300696,6.612219084300696,ARIMA
12,periodic,6.731067867312051,5.268271248036453,6.84936710877177,9.209229239005174,5.581826210021973,6.84936710877177,6.84936710877177,ARIMA
12,periodic,8.553617993335804,6.731067867312051,8.587497081424164,9.304450833344475,8.486991882324219,8.587497081424164,8.587497081424164,ARIMA
12,periodic,9.735839973980823,8.553617993335804,10.489435326286248,9.726332538132752,8.227356910705566,10.489435326286248,10.489435326286248,ARIMA
12,periodic,12.339712087436137,9.735839973980823,12.243752999365523,10.222413068058433,12.17873477935791,12.243752999365523,12.243752999365523,ARIMA
12,periodic,13.673816975700783,12.339712087436137,14.00162030922705,11.263245320476889,14.107413291931152,14.00162030922705,14.00162030922705,ARIMA
12,periodic,15.525657292970802,13.673816975700783,15.321418228795954,12.120783552985756,15.764044761657715,15.321418228795954,15.321418228795954,ARIMA
12,periodic,17.783177828042156,15.525657292970802,16.49268827247774,13.175253932555046,16.850954055786133,16.49268827247774,16.49268827247774,ARIMA
12,periodic,17.490700594345725,17.783177828042156,17.379324352555265,14.610714937559656,17.51030921936035,17.379324352555265,17.379324352555265,ARIMA
12,periodic,17.814735792441727,17.490700594345725,17.855774451327107,14.212259426954036,18.315580368041992,17.855774451327107,17.855774451327107,ARIMA
13,hybrid,24.320131793250095,36.21537886779028,36.270542563372196,27.257977514245425,21.230318069458008,21.230318069458008,21.230318069458008,XGBoost
13,hybrid,9.772479551254584,24.320131793250095,22.416326006890873,19.505903089244192,21.600357055664062,21.600357055664062,21.600357055664062,XGBoost
13,hybrid,11.148006422038126,9.772479551254584,12.275862687499622,16.05213618762091,31.506330490112305,31.506330490112305,31.506330490112305,XGBoost
13,hybrid,9.963166584083611,11.148006422038126,15.431236915349578,16.08098625665392,20.26105308532715,20.26105308532715,20.26105308532715,XGBoost
13,hybrid,10.331015175656802,9.963166584083611,17.31464587754769,15.675201151289816,15.204567909240723,15.204567909240723,15.204567909240723,XGBoost
13,hybrid,11.851472781715007,10.331015175656802,14.237402902877397,15.498113387936678,10.240180015563965,10.240180015563965,10.240180015563965,XGBoost
13,hybrid,13.356508764557677,11.851472781715007,18.16928949554422,15.617065605316531,11.43552017211914,11.43552017211914,11.43552017211914,XGBoost
13,hybrid,12.85746055280501,13.356508764557677,15.649430607238777,15.956698161237197,12.970874786376953,12.970874786376953,12.970874786376953,XGBoost
13,hybrid,16.376478088284742,12.85746055280501,18.671515048235754,15.91485564676353,17.388887405395508,17.388887405395508,17.388887405395508,XGBoost
13,hybrid,14.679741159147323,16.376478088284742,17.045948898396745,16.775344934683375,16.61102867126465,16.61102867126465,16.61102867126465,XGBoost
13,hybrid,16.33890118097014,14.679741159147323,18.467792185096993,16.544608342438778,15.994678497314453,15.994678497314453,15.994678497314453,XGBoost
13,hybrid,15.395289902651516,16.33890118097014,16.88728858825584,16.938276223950684,16.408451080322266,16.408451080322266,16.408451080322266,XGBoost
14,bursty,19.235338838804992,16.26384347538296,15.104289771772006,20.180560264496552,21.629568099975586,20.180560264496552,20.180560264496552,LSTM
14,bursty,18.208921807421813,19.235338838804992,19.76606762427143,20.80177756048633,24.493343353271484,20.80177756048633,20.80177756048633,LSTM
14,bursty,18.199870663121537,18.208921807421813,24.796417083830303,20.67259242025637,20.314729690551758,20.67259242025637,20.67259242025637,LSTM
14,bursty,18.34466896645164,18.199870663121537,27.7082366010397,20.588538348397982,31.733287811279297,20.588538348397982,20.588538348397982,LSTM
14,bursty,17.894777272870268,18.34466896645164,29.195697584101282,20.571946081376836,22.030136108398438,20.571946081376836,20.571946081376836,LSTM
14,bursty,18.72452602200902,17.894777272870268,24.222796391697766,20.417753382917763,30.098020553588867,20.417753382917763,20.417753382917763,LSTM
14,bursty,19.90130830575781,18.72452602200902,22.186997635042538,20.599638009434056,22.916500091552734,20.599638009434056,20.599638009434056,LSTM
14,bursty,19.80574418953542,19.90130830575781,21.639991331700994,21.007815575232105,22.730972290039062,21.007815575232105,21.007815575232105,LSTM
14,bursty,18.863334855686805,19.80574418953542,20.514935095011253,21.087469387611918,17.019535064697266,21.087469387611918,21.087469387611918,LSTM
14,bursty,18.347215882556,18.863334855686805,18.932526797591834,20.80886749970792,17.63346290588379,20.80886749970792,20.80886749970792,LSTM
14,bursty,19.857743111643583,18.347215882556,16.927262562069217,20.579806956761335,16.768508911132812,20.579806956761335,20.579806956761335,LSTM
14,bursty,16.38082625287978,19.857743111643583,16.42626262029667,20.977400578469023,18.490131378173828,20.977400578469023,20.977400578469023,LSTM
15,bursty,16.75436308201954,16.522024695607993,18.620120485864234,17.743619623801283,20.60870361328125,17.743619623801283,17.743619623801283,LSTM
15,bursty,16.513447135502272,16.75436308201954,18.87879664882863,17.727048819392717,18.59229850769043,17.727048819392717,17.727048819392717,LSTM
15,bursty,17.337609218212066,16.513447135502272,18.703298757081765,17.65495931406375,18.112512588500977,17.65495931406375,17.65495931406375,LSTM
15,bursty,15.57158965457482,17.337609218212066,19.225414852480736,17.915737193357558,17.130474090576172,17.915737193357558,17.915737193357558,LSTM
15,bursty,16.792597478274732,15.57158965457482,17.149602766278665,17.432528729993322,29.784656524658203,17.432528729993322,17.432528729993322,LSTM
15,bursty,15.642436510656898,16.792597478274732,18.777184016164423,17.696147637669284,17.061609268188477,17.696147637669284,17.696147637669284,LSTM
15,bursty,71.37596669189037,15.642436510656898,19.431724530719517,17.4175535256304,16.228031158447266,17.4175535256304,17.4175535256304,LSTM
15,bursty,56.83555696037122,71.37596669189037,46.596052023616394,46.536240875975096,53.203983306884766,46.536240875975096,46.536240875975096,LSTM
15,bursty,48.38051743222999,56.83555696037122,46.77776699597467,42.82008805802933,38.5419921875,42.82008805802933,42.82008805802933,LSTM
15,bursty,38.13417221120177,48.38051743222999,37.42035915377326,33.75503969205814,29.306365966796875,33.75503969205814,33.75503969205814,LSTM
15,bursty,17.81109084001965,38.13417221120177,35.45071071419875,20.544049487407353,15.26749324798584,20.544049487407353,20.544049487407353,LSTM
15,bursty,15.870267508307652,17.81109084001965,19.352628131369297,14.72742535147902,19.895353317260742,14.72742535147902,14.72742535147902,LSTM
16,hybrid,11.31698123368553,11.425779064560238,18.462298437247878,13.897285153702091,11.726558685302734,11.726558685302734,11.726558685302734,XGBoost
16,hybrid,35.447779055736426,11.31698123368553,19.38314928540248,13.888510862327912,15.376668930053711,15.376668930053711,15.376668930053711,XGBoost
16,hybrid,31.74484507439704,35.447779055736426,29.280344797393553,24.61767681928167,37.143150329589844,37.143150329589844,37.143150329589844,XGBoost
16,hybrid,26.888055081464543,31.74484507439704,26.423453483652086,25.78374981958534,31.34787368774414,31.34787368774414,31.34787368774414,XGBoost
16,hybrid,19.814535578577505,26.888055081464543,22.220801211164,20.338216149921706,25.970460891723633,25.970460891723633,25.970460891723633,XGBoost
16,hybrid,21.07117795765818,19.814535578577505,17.318020342252424,15.309034974503673,20.433317184448242,20.433317184448242,20.433317184448242,XGBoost
16,hybrid,22.305413308289218,21.07117795765818,16.927012190898704,16.935797497828375,20.935436248779297,20.935436248779297,20.935436248779297,XGBoost
16,hybrid,20.667810493759216,22.305413308289218,17.821299893138814,18.26375830517548,20.255773544311523,20.255773544311523,20.255773544311523,XGBoost
16,hybrid,37.81371069934542,20.667810493759216,17.87387349526342,17.797496195262344,15.060124397277832,15.060124397277832,15.060124397277832,XGBoost
16,hybrid,17.554617468009624,37.81371069934542,25.386885239434765,29.007805764568438,21.023103713989258,21.023103713989258,21.023103713989258,XGBoost
16,hybrid,14.256393754320841,17.554617468009624,15.957750192885797,14.806784808405478,14.772886276245117,14.772886276245117,14.772886276245117,XGBoost
16,hybrid,12.359763224694708,14.256393754320841,13.680108698581638,15.062767268671305,11.596320152282715,11.596320152282715,11.596320152282715,XGBoost
17,hybrid,5.686790306609645,9.85494699641871,10.521571533152974,10.5173835437079,6.815352916717529,6.815352916717529,6.815352916717529,XGBoost
17,hybrid,7.218487872514038,5.686790306609645,8.600396761867136,9.537351613595183,7.455917835235596,7.455917835235596,7.455917835235596,XGBoost
17,hybrid,6.965032795591739,7.218487872514038,10.003347940670462,9.576325088400816,11.58175277709961,11.58175277709961,11.58175277709961,XGBoost
17,hybrid,8.69867612451974,6.965032795591739,9.540220597338092,9.539688160788554,10.11865520477295,10.11865520477295,10.11865520477295,XGBoost
17,hybrid,9.16246754344513,8.69867612451974,11.292275190660032,9.916109662817606,10.487356185913086,10.487356185913086,10.487356185913086,XGBoost
17,hybrid,10.122590830221222,9.16246754344513,11.069048366234611,10.180054769020009,9.505351066589355,9.505351066589355,9.505351066589355,XGBoost
17,hybrid,12.37700398837528,10.122590830221222,12.474164998750767,10.525221079836943,12.64549446105957,12.64549446105957,12.64549446105957,XGBoost
17,hybrid,15.061406738965445,12.37700398837528,12.907969509353567,11.40114199009424,17.206890106201172,17.206890106201172,17.206890106201172,XGBoost
17,hybrid,16.20292897423339,15.061406738965445,13.198617621401912,12.812118958248956,17.851282119750977,17.851282119750977,17.851282119750977,XGBoost
17,hybrid,15.824058369496674,16.20292897423339,14.294249216523227,13.597096754505051,16.763879776000977,16.763879776000977,16.763879776000977,XGBoost
17,hybrid,13.43641464593215,15.824058369496674,15.04206656952462,13.239019065563223,12.861540794372559,12.861540794372559,12.861540794372559,XGBoost
17,hybrid,10.047562822725505,13.43641464593215,12.506520717330964,11.830751948623027,9.28711986541748,9.28711986541748,9.28711986541748,XGBoost
18,bursty,18.250822025287434,19.266449577204373,22.117597423655084,20.2371436405075,19.09974479675293,20.2371436405075,20.2371436405075,LSTM
18,bursty,71.97492485635644,18.250822025287434,20.09010772309465,19.827700069011073,18.466114044189453,19.827700069011073,19.827700069011073,LSTM
18,bursty,41.50640079526775,71.97492485635644,41.695761519917,48.264983216002676,58.78965377807617,48.264983216002676,48.264983216002676,LSTM
18,bursty,20.189448535688406,41.50640079526775,20.85793678415827,26.6348132808327,25.510568618774414,26.6348132808327,26.6348132808327,LSTM
18,bursty,18.232505905259202,20.189448535688406,26.529667430021757,19.057548226414568,21.572546005249023,19.057548226414568,19.057548226414568,LSTM
18,bursty,17.728650262725267,18.232505905259202,14.441390805627295,19.15234836820586,18.872554779052734,19.15234836820586,19.15234836820586,LSTM
18,bursty,19.255093081924276,17.728650262725267,24.654531719529487,19.249386912255105,18.482439041137695,19.249386912255105,19.249386912255105,LSTM
18,bursty,18.304410464210306,19.255093081924276,17.569230453474972,19.90312487838648,17.8234806060791,19.90312487838648,19.90312487838648,LSTM
18,bursty,17.578648587979252,18.304410464210306,29.57158224394904,19.83838319872812,18.636594772338867,19.83838319872812,19.83838319872812,LSTM
18,bursty,18.789846618746104,17.578648587979252,20.243561118606586,19.589748320344974,19.214000701904297,19.589748320344974,19.589748320344974,LSTM
18,bursty,66.03027438412829,18.789846618746104,25.061125131596643,19.860646907771212,18.2508487701416,19.860646907771212,19.860646907771212,LSTM
18,bursty,57.993364876719426,66.03027438412829,33.28919728756403,45.055176624783066,52.92329788208008,45.055176624783066,45.055176624783066,LSTM
19,periodic,11.548558392559267,11.942557472998606,11.401814218412316,9.97590579748963,11.386663436889648,11.401814218412316,11.401814218412316,ARIMA
19,periodic,10.597142449119469,11.548558392559267,10.6412596527361,9.446931935838624,10.992706298828125,10.6412596527361,10.6412596527361,ARIMA
19,periodic,9.543207307220255,10.597142449119469,9.309924947219528,8.619543646907054,9.085988998413086,9.309924947219528,9.309924947219528,ARIMA
19,periodic,8.29440530379697,9.543207307220255,8.0216199404452,8.154930450377334,7.706434726715088,8.0216199404452,8.0216199404452,ARIMA
19,periodic,7.257134912109288,8.29440530379697,6.680310723658835,7.822487439595042,6.718463897705078,6.680310723658835,6.680310723658835,ARIMA
19,periodic,6.340453839173336,7.257134912109288,5.816998616916793,7.588884551326566,6.496871471405029,5.816998616916793,5.816998616916793,ARIMA
19,periodic,6.002014337908685,6.340453839173336,5.341599944372299,7.354692838274143,5.798817157745361,5.341599944372299,5.341599944372299,ARIMA
19,periodic,4.9884995941187205,6.002014337908685,5.4113192956187905,7.208011677696304,5.751193046569824,5.4113192956187905,5.4113192956187905,ARIMA
19,periodic,5.598645548119482,4.9884995941187205,5.583571991879651,6.9567769367008605,6.088646411895752,5.583571991879651,5.583571991879651,ARIMA
19,periodic,6.58037940538679,5.598645548119482,6.089182679753995,6.898201981945498,6.066428184509277,6.089182679753995,6.089182679753995,ARIMA
19,periodic,7.1284309149590275,6.58037940538679,6.66001857217245,7.062265180178791,6.550922393798828,6.66001857217245,6.66001857217245,ARIMA
19,periodic,6.9201663509273,7.1284309149590275,7.190582796626982,7.294386210508067,7.317596912384033,7.190582796626982,7.190582796626982,ARIMA
20,periodic,22.02071365064881,24.68572133190987,21.658487165622763,18.994975827475077,21.909805297851562,21.658487165622763,21.658487165622763,ARIMA
20,periodic,18.999110332963916,22.02071365064881,19.180523689772123,17.53942204127997,19.890295028686523,19.180523689772123,19.180523689772123,ARIMA
20,periodic,18.523628925500873,18.999110332963916,16.94459430653956,16.481991113194272,18.2917537689209,16.94459430653956,16.94459430653956,ARIMA
20,periodic,14.206652081186043,18.523628925500873,13.8726051316642,16.649841732013332,13.466668128967285,13.8726051316642,13.8726051316642,ARIMA
20,periodic,11.573408939019457,14.206652081186043,12.382750495539037,15.278250780564003,12.360905647277832,12.382750495539037,12.382750495539037,ARIMA
20,periodic,11.097393432841514,11.573408939019457,10.838915501831154,14.541706132392218,10.424494743347168,10.838915501831154,10.838915501831154,ARIMA
20,periodic,8.205376598023175,11.097393432841514,9.65220994418813,14.178569138663828,10.206402778625488,9.65220994418813,9.65220994418813,ARIMA
20,periodic,8.385695155496613,8.205376598023175,9.539587792650018,13.495349292933188,9.567312240600586,9.539587792650018,9.539587792650018,ARIMA
20,periodic,9.07158693755663,8.385695155496613,9.504447364773794,13.101447760219406,8.599736213684082,9.504447364773794,9.504447364773794,ARIMA
20,periodic,9.02114824581399,9.07158693755663,9.70685000559206,12.937491262819995,9.833911895751953,9.70685000559206,9.70685000559206,ARIMA
20,periodic,10.424720195628815,9.02114824581399,10.626385178797522,12.80130428465297,11.002485275268555,10.626385178797522,10.626385178797522,ARIMA
20,periodic,11.738066151191655,10.424720195628815,11.20544401520847,12.92633046796974,10.673715591430664,11.20544401520847,11.20544401520847,ARIMA
21,periodic,16.79598910604394,15.723472382956004,17.032566409124662,14.226024964998711,16.498191833496094,17.032566409124662,17.032566409124662,ARIMA
21,periodic,18.916310475010118,16.79598910604394,18.670369024069142,15.04247412879755,18.51007843017578,18.670369024069142,18.670369024069142,ARIMA
21,periodic,21.322306212145726,18.916310475010118,21.195679916817678,16.210333295419332,21.68246078491211,21.195679916817678,21.195679916817678,ARIMA
21,periodic,23.239871556786653,21.322306212145726,23.600253597581172,17.73074294429595,23.05080223083496,23.600253597581172,23.600253597581172,ARIMA
21,periodic,25.141771499873734,23.239871556786653,25.116109294080047,18.977251073289793,25.021236419677734,25.116109294080047,25.116109294080047,ARIMA
21,periodic,24.738985774415077,25.141771499873734,25.04601982089442,20.145008057489026,24.66214942932129,25.04601982089442,25.04601982089442,ARIMA
21,periodic,22.08735702554474,24.738985774415077,22.793547414289748,19.055108027826314,22.572040557861328,22.793547414289748,22.793547414289748,ARIMA
21,periodic,19.542844988741578,22.08735702554474,18.940463420121546,16.524368969762698,18.8291072845459,18.940463420121546,18.940463420121546,ARIMA
21,periodic,14.714894966178816,19.542844988741578,14.328369051214352,15.492211347837815,13.968730926513672,14.328369051214352,14.328369051214352,ARIMA
21,periodic,9.521329429360636,14.714894966178816,9.869593147020574,14.009363680468354,10.165548324584961,9.869593147020574,9.869593147020574,ARIMA
21,periodic,7.023195744449951,9.521329429360636,7.16869370607156,12.945535213429928,6.849166393280029,7.16869370607156,7.16869370607156,ARIMA
21,periodic,7.029293605179022,7.023195744449951,6.649216768356462,12.262288874535292,6.649893760681152,6.649216768356462,6.649216768356462,ARIMA
22,bursty,13.113651191181491,12.680120149257302,12.400181542881715,14.125739394876547,13.719762802124023,14.125739394876547,14.125739394876547,LSTM
22,bursty,59.18220996260675,13.113651191181491,13.75862067830769,14.262389929015411,14.539870262145996,14.262389929015411,14.262389929015411,LSTM
22,bursty,45.908235901990814,59.18220996260675,41.83823912301969,38.639736938491595,35.825111389160156,38.639736938491595,38.639736938491595,LSTM
22,bursty,31.889927634770622,45.908235901990814,37.24109790383742,33.845933214995426,29.145793914794922,33.845933214995426,33.845933214995426,LSTM
22,bursty,12.168444788675842,31.889927634770622,24.93113814959444,19.684642149248628,21.10520362854004,19.684642149248628,19.684642149248628,LSTM
22,bursty,12.708883728001444,12.168444788675842,13.028496452140358,10.608105778216954,14.58931827545166,10.608105778216954,10.608105778216954,LSTM
22,bursty,11.981263331007082,12.708883728001444,14.063662254754405,13.278919611409712,13.127339363098145,13.278919611409712,13.278919611409712,LSTM
22,bursty,13.340216149407901,11.981263331007082,12.719044819582853,13.41004594390957,12.628019332885742,13.41004594390957,13.41004594390957,LSTM
22,bursty,14.535828071540841,13.340216149407901,11.95468577591486,14.051743254673966,19.213481903076172,14.051743254673966,14.051743254673966,LSTM
22,bursty,13.174492380637865,14.535828071540841,12.371136102484083,14.640844853424563,14.863211631774902,14.640844853424563,14.640844853424563,LSTM
22,bursty,14.56427141172554,13.174492380637865,12.290777638890688,14.34169081496977,12.962422370910645,14.34169081496977,14.34169081496977,LSTM
22,bursty,13.919612381102505,14.56427141172554,14.6057291254547,14.694720060483473,14.086285591125488,14.694720060483473,14.694720060483473,LSTM
23,hybrid,18.427796135948984,17.481216691397183,17.354840488255668,18.98453543818501,16.047222137451172,16.047222137451172,16.047222137451172,XGBoost
23,hybrid,14.894309079157601,18.427796135948984,16.908558153754775,19.198662308149558,16.242300033569336,16.242300033569336,16.242300033569336,XGBoost
23,hybrid,14.951572828770214,14.894309079157601,15.801334294029704,18.28690513433782,13.892411231994629,13.892411231994629,13.892411231994629,XGBoost
23,hybrid,15.963339374980183,14.951572828770214,16.959959854638395,18.01981705913888,14.255467414855957,14.255467414855957,14.255467414855957,XGBoost
23,hybrid,12.505253748911468,15.963339374980183,17.726050815000793,18.151036435730283,17.00391387939453,17.00391387939453,17.00391387939453,XGBoost
23,hybrid,11.99799571877113,12.505253748911468,16.386197355634685,17.324766360980934,13.871590614318848,13.871590614318848,13.871590614318848,XGBoost
23,hybrid,11.499946536822815,11.99799571877113,15.252133593958913,16.850398048652597,13.073352813720703,13.073352813720703,13.073352813720703,XGBoost
23,hybrid,12.31324876342524,11.499946536822815,13.13484402537738,16.483803166329956,9.890495300292969,9.890495300292969,9.890495300292969,XGBoost
23,hybrid,9.991329819765935,12.31324876342524,10.034124660517422,16.42426844064682,10.46603775024414,10.46603775024414,10.46603775024414,XGBoost
23,hybrid,10.825730351962601,9.991329819765935,10.421571358655928,15.865624065921725,11.215315818786621,11.215315818786621,11.215315818786621,XGBoost
23,hybrid,10.483196957388987,10.825730351962601,11.952890745450214,15.677683880180215,12.749340057373047,12.749340057373047,12.749340057373047,XGBoost
23,hybrid,11.724464770385204,10.483196957388987,12.524896600460785,15.461823539421662,13.829010963439941,13.829010963439941,13.829010963439941,XGBoost
24,periodic,23.368712051388727,22.814771141807125,23.410578387149307,19.350755628222412,23.866268157958984,23.410578387149307,23.410578387149307,ARIMA
24,periodic,23.778093338168972,23.368712051388727,23.696150361525657,19.714913071023528,23.97294807434082,23.696150361525657,23.696150361525657,ARIMA
24,periodic,23.328734635881418,23.778093338168972,23.656632235984365,19.985214770367172,23.550045013427734,23.656632235984365,23.656632235984365,ARIMA
24,periodic,22.554252428944793,23.328734635881418,23.106391951339457,19.550431608690765,23.11496353149414,23.106391951339457,23.106391951339457,ARIMA
24,periodic,21.60604798658329,22.554252428944793,21.974502381327504,19.000745660671644,22.030956268310547,21.974502381327504,21.974502381327504,ARIMA
24,periodic,22.057520659417733,21.60604798658329,20.20778204024144,18.529122097804844,20.50308609008789,20.20778204024144,20.20778204024144,ARIMA
24,periodic,19.212545994014427,22.057520659417733,17.90646032374129,19.017801882841574,17.777177810668945,17.90646032374129,17.90646032374129,ARIMA
24,periodic,15.578483232132388,19.212545994014427,15.410054099241908,17.546776993951816,13.782511711120605,15.410054099241908,15.410054099241908,ARIMA
24,periodic,12.968029059443131,15.578483232132388,13.201257169219375,16.35771247602182,13.805093765258789,13.201257169219375,13.201257169219375,ARIMA
24,periodic,11.655566378344322,12.968029059443131,11.261932654302829,15.715507045486532,10.742831230163574,11.261932654302829,11.261932654302829,ARIMA
24,periodic,10.167838525528602,11.655566378344322,10.062586075367108,15.262023247233259,9.807126998901367,10.062586075367108,10.062586075367108,ARIMA
24,periodic,9.40265542472788,10.167838525528602,9.688782521343013,14.783379036019333,9.863778114318848,9.688782521343013,9.688782521343013,ARIMA
25,periodic,9.134419896951663,10.30734232081094,9.213408427357829,9.641501347085375,9.131010055541992,9.213408427357829,9.213408427357829,ARIMA
25,periodic,7.72295213136184,9.134419896951663,7.862857229302033,9.258974495228397,8.02723503112793,7.862857229302033,7.862857229302033,ARIMA
25,periodic,7.151758285742943,7.72295213136184,6.55042419527118,8.829578730447652,6.175610065460205,6.55042419527118,6.55042419527118,ARIMA
25,periodic,4.748153677493082,7.151758285742943,5.266938103164977,8.59988346884404,5.21574068069458,5.266938103164977,5.266938103164977,ARIMA
25,periodic,4.147466122927103,4.748153677493082,4.536340835356318,8.050519905302398,4.606709957122803,4.536340835356318,4.536340835356318,ARIMA
25,periodic,4.273345975654859,4.147466122927103,4.368727011312858,7.6856046791066674,4.867143154144287,4.368727011312858,4.368727011312858,ARIMA
25,periodic,5.678595547339002,4.273345975654859,5.117032303225205,7.4555394726400905,4.808310031890869,5.117032303225205,5.117032303225205,ARIMA
25,periodic,6.501346146447248,5.678595547339002,6.58021305395553,7.515987219814688,5.553784370422363,6.58021305395553,6.58021305395553,ARIMA
25,periodic,8.747957858333516,6.501346146447248,8.649132499374572,7.72069879542458,8.545182228088379,8.649132499374572,8.649132499374572,ARIMA
25,periodic,10.809894581526116,8.747957858333516,10.831265582524422,8.406860909950897,9.773775100708008,10.831265582524422,10.831265582524422,ARIMA
25,periodic,12.925674912343103,10.809894581526116,12.837514100200318,9.511908075598997,12.8337984085083,12.837514100200318,12.837514100200318,ARIMA
25,periodic,14.450847016675391,12.925674912343103,14.356305898413584,10.955137687771744,14.018661499023438,14.356305898413584,14.356305898413584,ARIMA
26,periodic,7.172463740471972,5.527374553167684,7.010993749460212,6.791765882429442,7.095730304718018,7.010993749460212,7.010993749460212,ARIMA
26,periodic,9.542218531280302,7.172463740471972,8.549791576513133,7.317613836520108,9.911718368530273,8.549791576513133,8.549791576513133,ARIMA
26,periodic,9.072256532397587,9.542218531280302,9.600652504727188,8.39124514835335,9.870702743530273,9.600652504727188,9.600652504727188,ARIMA
26,periodic,11.168936967050259,9.072256532397587,10.96059465423054,8.44506883014962,10.987056732177734,10.96059465423054,10.96059465423054,ARIMA
26,periodic,12.496556192095385,11.168936967050259,12.333800107006947,9.441292842063497,12.25994873046875,12.333800107006947,12.333800107006947,ARIMA
26,periodic,14.089639457809703,12.496556192095385,13.635286078237987,10.34196027710724,13.944111824035645,13.635286078237987,13.635286078237987,ARIMA
26,periodic,14.997481609131817,14.089639457809703,14.730377940203233,11.428052424899033,14.703964233398438,14.730377940203233,14.730377940203233,ARIMA
26,periodic,15.044034587323086,14.997481609131817,14.571452399489354,11.897980454760319,14.607996940612793,14.571452399489354,14.571452399489354,ARIMA
26,periodic,13.57380884456232,15.044034587323086,12.956458554737917,11.468565084983297,12.876652717590332,12.956458554737917,12.956458554737917,ARIMA
26,periodic,10.043625508371639,13.57380884456232,10.06268120254726,9.923941081277745,10.058138847351074,10.06268120254726,10.06268120254726,ARIMA
26,periodic,7.105735656929724,10.043625508371639,6.94893229547476,8.14652123842216,4.835493564605713,6.94893229547476,6.94893229547476,ARIMA
26,periodic,4.229387681702389,7.105735656929724,4.455653341987022,7.712383751551087,4.403248310089111,4.455653341987022,4.455653341987022,ARIMA
27,hybrid,22.366163084761276,26.396254531553417,19.86280643053348,19.26291177859374,18.47028350830078,18.47028350830078,18.47028350830078,XGBoost
27,hybrid,14.474462458210477,22.366163084761276,17.869450517298276,16.23128008022932,16.236587524414062,16.236587524414062,16.236587524414062,XGBoost
27,hybrid,12.99460925750442,14.474462458210477,15.438146456443942,8.72154173056525,13.830944061279297,13.830944061279297,13.830944061279297,XGBoost
27,hybrid,14.754942266183114,12.99460925750442,13.485121593512497,10.736390644648816,13.617419242858887,13.617419242858887,13.617419242858887,XGBoost
27,hybrid,39.35818029270006,14.754942266183114,13.84372228567586,12.10177199280952,13.793513298034668,13.793513298034668,13.793513298034668,XGBoost
27,hybrid,31.472548264253934,39.35818029270006,21.100440667812155,28.19879887978416,19.933752059936523,19.933752059936523,19.933752059936523,XGBoost
27,hybrid,24.68831394514646,31.472548264253934,26.790244668228336,22.58299755683571,26.33600616455078,22.58299755683571,26.33600616455078,LSTM
27,hybrid,13.489143417550382,24.68831394514646,21.399070931116064,17.493386897526683,20.123891830444336,17.493386897526683,20.123891830444336,LSTM
27,hybrid,11.711423611672044,13.489143417550382,15.264754021509486,7.910172671895152,18.183578491210938,7.910172671895152,18.183578491210938,LSTM
27,hybrid,12.112963272437243,11.711423611672044,10.990583681767548,10.398267669042356,16.25791358947754,10.398267669042356,16.25791358947754,LSTM
27,hybrid,10.59115209854261,12.112963272437243,15.578082479874258,10.799515086668519,14.305745124816895,10.799515086668519,14.305745124816895,LSTM
27,hybrid,8.9407930546842,10.59115209854261,12.210436331688317,10.525314710367228,10.494528770446777,10.525314710367228,10.494528770446777,LSTM
28,hybrid,19.95692408335613,15.599122986973827,12.692790863060932,16.918987104177454,18.9340763092041,18.9340763092041,18.9340763092041,XGBoost
28,hybrid,24.637893275549494,19.95692408335613,17.776487746760374,18.61833700641391,22.358718872070312,22.358718872070312,22.358718872070312,XGBoost
28,hybrid,24.020537263295175,24.637893275549494,21.372882444100384,21.125228760131748,24.310998916625977,24.310998916625977,24.310998916625977,XGBoost
28,hybrid,24.7720737832605,24.020537263295175,24.517704107446857,21.149631040253862,23.726333618164062,23.726333618164062,23.726333618164062,XGBoost
28,hybrid,23.40909450637023,24.7720737832605,26.071963039017483,21.312829424639638,23.24269676208496,23.24269676208496,23.24269676208496,XGBoost
28,hybrid,24.488257125616972,23.40909450637023,21.14306702912258,20.52279976405268,22.20208740234375,22.20208740234375,22.20208740234375,XGBoost
28,hybrid,20.96049958662095,24.488257125616972,22.414977253403002,21.018652914280082,20.472766876220703,20.472766876220703,20.472766876220703,XGBoost
28,hybrid,18.510561888857527,20.96049958662095,21.950761976934466,19.598854055125756,16.702974319458008,16.702974319458008,16.702974319458008,XGBoost
28,hybrid,14.85180211922424,18.510561888857527,20.111322989207455,18.75348132314039,13.596870422363281,13.596870422363281,13.596870422363281,XGBoost
28,hybrid,11.920236458853777,14.85180211922424,16.283169181522315,17.68691534818424,9.90958309173584,9.90958309173584,9.90958309173584,XGBoost
28,hybrid,10.643923014850223,11.920236458853777,12.643049640966204,16.807031659792834,11.080754280090332,11.080754280090332,11.080754280090332,XGBoost
28,hybrid,13.041923792707653,10.643923014850223,10.295416772985446,16.22649572650837,11.929601669311523,11.929601669311523,11.929601669311523,XGBoost
29,hybrid,6.4041690305095145,5.694581383993596,7.049718008351258,7.3904302407489295,6.425512313842773,6.425512313842773,6.425512313842773,XGBoost
29,hybrid,8.164270555787557,6.4041690305095145,8.513326907697564,7.4649614751485025,8.372173309326172,8.372173309326172,8.372173309326172,XGBoost
29,hybrid,9.212846154864513,8.164270555787557,8.991359909433461,7.9589423022652,8.84850788116455,8.84850788116455,8.84850788116455,XGBoost
29,hybrid,8.866597094791068,9.212846154864513,9.374781930078104,8.562498709102963,9.631218910217285,9.631218910217285,9.631218910217285,XGBoost
29,hybrid,10.219228162347127,8.866597094791068,9.882586446256344,8.545382171732468,9.911806106567383,9.911806106567383,9.911806106567383,XGBoost
29,hybrid,21.897133716872244,10.219228162347127,11.245963189401674,9.127641050480063,11.20669937133789,11.20669937133789,11.20669937133789,XGBoost
29,hybrid,16.4468809542291,21.897133716872244,12.67390990952336,16.961107398137983,12.780981063842773,12.780981063842773,12.780981063842773,XGBoost
29,hybrid,11.6262437983122,16.4468809542291,13.3809350588866,11.683964728771578,14.46573257446289,14.46573257446289,14.46573257446289,XGBoost
29,hybrid,11.4266789532323,11.6262437983122,11.352444036526206,8.645989470219396,11.181343078613281,11.181343078613281,11.181343078613281,XGBoost
29,hybrid,8.920873579501857,11.4266789532323,9.038174358123714,9.137809763648688,9.286993026733398,9.286993026733398,9.286993026733398,XGBoost
29,hybrid,6.122792719278196,8.920873579501857,6.466767096171983,8.316728691991422,7.123447895050049,7.123447895050049,7.123447895050049,XGBoost
29,hybrid,5.2663770126049245,6.122792719278196,5.320793818491434,7.687951384308533,5.365807056427002,5.365807056427002,5.365807056427002,XGBoost
30,bursty,13.350254899010723,13.149881629073233,14.629944074972439,14.982411889587866,14.503252029418945,14.982411889587866,14.982411889587866,LSTM
30,bursty,14.49638929654971,13.350254899010723,13.822315402015448,15.195451176633963,14.50538158416748,15.195451176633963,15.195451176633963,LSTM
30,bursty,56.38052527216613,14.49638929654971,10.565186361891065,15.606752518820299,14.78531265258789,15.606752518820299,15.606752518820299,LSTM
30,bursty,48.74921494979489,56.38052527216613,27.135634768188172,37.738277837870044,41.98948669433594,37.738277837870044,37.738277837870044,LSTM
30,bursty,40.61229987320786,48.74921494979489,25.309574873017766,38.95043878284505,35.588653564453125,38.95043878284505,38.95043878284505,LSTM
30,bursty,30.80420654056136,40.61229987320786,29.644296091503236,28.2309553042866,22.97307014465332,28.2309553042866,28.2309553042866,LSTM
30,bursty,14.264342430248716,30.80420654056136,24.063741535385756,16.909664597248693,18.119131088256836,16.909664597248693,16.909664597248693,LSTM
30,bursty,12.134121174509533,14.264342430248716,17.993690845406448,13.546840395537899,14.446555137634277,13.546840395537899,13.546840395537899,LSTM
30,bursty,12.37025715206518,12.134121174509533,16.540591583613036,14.437606864923366,14.625770568847656,14.437606864923366,14.437606864923366,LSTM
30,bursty,13.275932556215505,12.37025715206518,17.043846388975183,14.604406047968968,14.705327987670898,14.604406047968968,14.604406047968968,LSTM
30,bursty,13.416264854126126,13.275932556215505,16.99510622135789,14.997150867530264,12.732870101928711,14.997150867530264,14.997150867530264,LSTM
30,bursty,12.731649943173089,13.416264854126126,17.23925390213688,15.160963447567052,13.311291694641113,15.160963447567052,15.160963447567052,LSTM
31,periodic,7.527694739274559,6.619903395762465,7.061516660796391,11.135971173055669,8.11800765991211,7.061516660796391,7.061516660796391,ARIMA
31,periodic,7.990933576582127,7.527694739274559,8.183401169549235,11.044189522432358,7.899197101593018,8.183401169549235,8.183401169549235,ARIMA
31,periodic,10.278369624575937,7.990933576582127,10.494766057980119,11.044573084939174,10.271687507629395,10.494766057980119,10.494766057980119,ARIMA
31,periodic,13.084701310015495,10.278369624575937,13.239880814158367,11.485237810985705,12.775636672973633,13.239880814158367,13.239880814158367,ARIMA
31,periodic,15.580189025202138,13.084701310015495,16.253850314426252,12.502593326060934,16.104690551757812,16.253850314426252,16.253850314426252,ARIMA
31,periodic,18.19435575474682,15.580189025202138,19.305593164015132,13.864155773382043,19.095598220825195,19.305593164015132,19.305593164015132,ARIMA
31,periodic,21.73295516731381,18.19435575474682,21.75821796901404,15.51608876020634,21.302806854248047,21.75821796901404,21.75821796901404,ARIMA
31,periodic,23.74175553768249,21.73295516731381,23.147563859370532,18.039732946110128,23.46782112121582,23.147563859370532,23.147563859370532,ARIMA
31,periodic,24.323723054488077,23.74175553768249,23.693713095590425,19.442391460418946,23.510103225708008,23.693713095590425,23.693713095590425,ARIMA
31,periodic,24.65287349372666,24.323723054488077,23.4720136211425,19.036937649820796,23.38945960998535,23.4720136211425,23.4720136211425,ARIMA
31,periodic,21.970199023451734,24.65287349372666,22.32902150146616,18.553597792486077,22.082653045654297,22.32902150146616,22.32902150146616,ARIMA
31,periodic,19.97865952519393,21.970199023451734,21.056891568734212,15.759795143168015,20.269298553466797,21.056891568734212,21.056891568734212,ARIMA
32,hybrid,11.956009809926247,12.53146659035572,13.11752733199665,11.489690571341686,11.637423515319824,11.637423515319824,11.637423515319824,XGBoost
32,hybrid,11.4336306469103,11.956009809926247,12.203096409137459,11.367861395089472,10.596063613891602,10.596063613891602,10.596063613891602,XGBoost
32,hybrid,9.50391212958325,11.4336306469103,11.138763101075172,11.262132502810408,10.938681602478027,10.938681602478027,10.938681602478027,XGBoost
32,hybrid,8.757065306419221,9.50391212958325,9.545665396684226,10.679526006330676,8.233682632446289,8.233682632446289,8.233682632446289,XGBoost
32,hybrid,7.960079445801008,8.757065306419221,8.09392343038345,10.36920867399217,7.331818103790283,7.331818103790283,7.331818103790283,XGBoost
32,hybrid,6.748360134824118,7.960079445801008,6.960903834876436,10.072355821377066,6.658254623413086,6.658254623413086,6.658254623413086,XGBoost
32,hybrid,6.282359325726697,6.748360134824118,6.2499842029701735,9.676085754425362,6.429871082305908,6.429871082305908,6.429871082305908,XGBoost
32,hybrid,5.9190698599634395,6.282359325726697,10.65543194247418,9.390749659880484,6.491936206817627,6.491936206817627,6.491936206817627,XGBoost
32,hybrid,6.934577762743866,5.9190698599634395,10.728155215195162,9.154162771664836,8.382336616516113,8.382336616516113,8.382336616516113,XGBoost
32,hybrid,8.329911793934532,6.934577762743866,6.981497877647822,9.218081292028204,8.99365520477295,8.99365520477295,8.99365520477295,XGBoost
32,hybrid,11.093776227826503,8.329911793934532,8.318987896946833,9.55915565831779,11.260416030883789,11.260416030883789,11.260416030883789,XGBoost
32,hybrid,14.453961084768704,11.093776227826503,10.425577428287099,10.519905108849954,13.27927017211914,13.27927017211914,13.27927017211914,XGBoost
33,bursty,18.170661112751183,17.912653693516255,21.98891104882147,16.532790942958126,25.86363410949707,16.532790942958126,16.532790942958126,LSTM
33,bursty,18.666609936778546,18.170661112751183,22.482182614857987,17.230212835886878,26.886228561401367,17.230212835886878,17.230212835886878,LSTM
33,bursty,17.91410853932066,18.666609936778546,22.42630307933198,17.73826194474887,18.707273483276367,17.73826194474887,17.73826194474887,LSTM
33,bursty,17.088139885031623,17.91410853932066,23.606448403820387,17.748148826025094,18.652812957763672,17.748148826025094,17.748148826025094,LSTM
33,bursty,18.767301883081952,17.088139885031623,19.199252409042398,17.51783050989635,20.171541213989258,17.51783050989635,17.51783050989635,LSTM
33,bursty,18.602125772619104,18.767301883081952,19.238347961638116,18.051627123362938,17.29128074645996,18.051627123362938,18.051627123362938,LSTM
33,bursty,17.81905709986433,18.602125772619104,18.51264884839701,18.101756644810376,15.594749450683594,18.101756644810376,18.101756644810376,LSTM
33,bursty,16.364668379645146,17.81905709986433,17.65633702678585,17.81558367211116,16.736038208007812,17.81558367211116,17.81558367211116,LSTM
33,bursty,65.48729701875259,16.364668379645146,16.882286789581464,17.258663701628606,17.72750473022461,17.258663701628606,17.258663701628606,LSTM
33,bursty,16.72463365959011,65.48729701875259,26.08125653434315,43.744044991900154,36.927276611328125,43.744044991900154,43.744044991900154,LSTM
33,bursty,16.587700880049102,16.72463365959011,15.344959316717915,14.932581936114119,31.84713363647461,14.932581936114119,14.932581936114119,LSTM
33,bursty,16.605367034460095,16.587700880049102,11.312336109964054,16.841497799402717,23.532434463500977,16.841497799402717,16.841497799402717,LSTM
34,bursty,13.254265802479159,13.824463513944204,10.713519365573365,13.115754475918164,11.724879264831543,13.115754475918164,13.115754475918164,LSTM
34,bursty,12.062480126814144,13.254265802479159,14.282442758438055,12.949466809536313,11.706974029541016,12.949466809536313,12.949466809536313,LSTM
34,bursty,13.071932216513893,12.062480126814144,12.18133011446721,12.491604364140281,13.04389476776123,12.491604364140281,12.491604364140281,LSTM
34,bursty,12.322830965824892,13.071932216513893,15.50383205445291,12.754945817998554,12.03186321258545,12.754945817998554,12.754945817998554,LSTM
34,bursty,12.838956009999576,12.322830965824892,15.233948791685837,12.567212318558648,12.563395500183105,12.567212318558648,12.567212318558648,LSTM
34,bursty,12.480214138476223,12.838956009999576,17.756938241049504,12.714092375091187,12.36822509765625,12.714092375091187,12.714092375091187,LSTM
34,bursty,12.161172519906023,12.480214138476223,16.531414224642795,12.62373911837025,12.562499046325684,12.62373911837025,12.62373911837025,LSTM
34,bursty,13.21056790013839,12.161172519906023,17.33210309272073,12.49341265391735,12.147632598876953,12.49341265391735,12.49341265391735,LSTM
34,bursty,11.275997469069797,13.21056790013839,15.579934600258241,12.827660925380357,12.583529472351074,12.827660925380357,12.827660925380357,LSTM
34,bursty,12.43033186225528,11.275997469069797,14.762571046880387,12.23586379450304,13.704253196716309,12.23586379450304,12.23586379450304,LSTM
34,bursty,12.231726774648186,12.43033186225528,13.042634919480122,12.48185580807694,13.687460899353027,12.48185580807694,12.48185580807694,LSTM
34,bursty,13.269571118227677,12.231726774648186,13.808873493263372,12.477070431508702,13.456857681274414,12.477070431508702,12.477070431508702,LSTM
35,periodic,26.972470091740842,28.23669657613655,27.303079551561773,21.97177994788958,26.988405227661133,27.303079551561773,27.303079551561773,ARIMA
35,periodic,25.599147779966682,26.972470091740842,26.471869016853493,20.595830856980697,26.485021591186523,26.471869016853493,26.471869016853493,ARIMA
35,periodic,25.676425523759875,25.599147779966682,25.371600146925456,19.927627295442957,25.897214889526367,25.371600146925456,25.371600146925456,ARIMA
35,periodic,23.56265935497405,25.676425523759875,23.18377590175216,20.48453696604059,23.081422805786133,23.18377590175216,23.18377590175216,ARIMA
35,periodic,18.893302974373352,23.56265935497405,19.65312123613738,19.57505398719301,19.768136978149414,19.65312123613738,19.65312123613738,ARIMA
35,periodic,14.82885767851383,18.893302974373352,14.774335771611696,17.668190597432282,11.157272338867188,14.774335771611696,14.774335771611696,ARIMA
35,periodic,9.117041729127822,14.82885767851383,9.751308879840451,16.556701276334493,9.925551414489746,9.751308879840451,9.751308879840451,ARIMA
35,periodic,6.21300462872684,9.117041729127822,6.462857935224395,15.236625142854743,6.313217639923096,6.462857935224395,6.462857935224395,ARIMA
35,periodic,5.8251437880878,6.21300462872684,5.876736189544964,14.288018024482916,6.093160629272461,5.876736189544964,5.876736189544964,ARIMA
35,periodic,9.112212237976378,5.8251437880878,8.718220622178832,13.607146588401534,9.909403800964355,8.718220622178832,8.718220622178832,ARIMA
35,periodic,13.072253306789246,9.112212237976378,13.826153617134942,13.59341624593365,13.69573974609375,13.826153617134942,13.826153617134942,ARIMA
35,periodic,20.722720186972012,13.072253306789246,19.763890462951,14.416768953397247,20.014774322509766,19.763890462951,19.763890462951,ARIMA
36,bursty,11.052039242505954,10.346155004193138,9.189448014670793,10.89843143787493,9.81196117401123,10.89843143787493,10.89843143787493,LSTM
36,bursty,11.25687131193538,11.052039242505954,8.923017637557288,11.14618613919974,10.11184024810791,11.14618613919974,11.14618613919974,LSTM
36,bursty,11.679745961612095,11.25687131193538,9.540348274838166,11.277132347647393,11.266239166259766,11.277132347647393,11.277132347647393,LSTM
36,bursty,11.265558123082812,11.679745961612095,11.112695168102444,11.4489093611991,11.613515853881836,11.4489093611991,11.4489093611991,LSTM
36,bursty,10.878686732954966,11.265558123082812,12.689249918342206,11.327575263300021,11.066471099853516,11.327575263300021,11.327575263300021,LSTM
36,bursty,11.849998100855169,10.878686732954966,13.910505342472767,11.164533908847567,10.59826946258545,11.164533908847567,11.164533908847567,LSTM
36,bursty,11.037571875558788,11.849998100855169,15.379341491959748,11.472128209728101,10.647015571594238,11.472128209728101,11.472128209728101,LSTM
36,bursty,11.317402964290908,11.037571875558788,14.576240372844612,11.260408053357487,11.2188138961792,11.260408053357487,11.260408053357487,LSTM
36,bursty,11.646842692961384,11.317402964290908,13.46361864653919,11.317163182870782,10.511966705322266,11.317163182870782,11.317163182870782,LSTM
36,bursty,12.881919104511802,11.646842692961384,11.917157815892944,11.45139553491855,11.10572338104248,11.45139553491855,11.45139553491855,LSTM
36,bursty,11.889908063762991,12.881919104511802,11.137460693787338,11.952657225636676,10.662440299987793,11.952657225636676,11.952657225636676,LSTM
36,bursty,10.939592320217692,11.889908063762991,9.909953527734528,11.65998377536219,11.264357566833496,11.65998377536219,11.65998377536219,LSTM
37,periodic,17.153449727738106,15.507644354962112,16.984844345287264,13.33485836564437,16.153167724609375,16.984844345287264,16.984844345287264,ARIMA
37,periodic,19.396001621124327,17.153449727738106,18.52942544300858,14.447808263258553,19.703838348388672,18.52942544300858,18.52942544300858,ARIMA
37,periodic,18.917111891949407,19.396001621124327,19.636472245913723,16.078916880237063,19.932424545288086,19.636472245913723,19.636472245913723,ARIMA
37,periodic,20.311412276270556,18.917111891949407,18.876106953561365,15.099385818335758,19.819435119628906,18.876106953561365,18.876106953561365,ARIMA
37,periodic,20.45615905394934,20.311412276270556,19.152051701654685,16.014774073139424,20.566919326782227,19.152051701654685,19.152051701654685,ARIMA
37,periodic,19.982646523869793,20.45615905394934,20.204722326616533,15.824500214440839,19.98200798034668,20.204722326616533,20.204722326616533,ARIMA
37,periodic,20.064823082320366,19.982646523869793,19.194289467797503,15.206672278726586,18.317975997924805,19.194289467797503,19.194289467797503,ARIMA
37,periodic,18.459505438151247,20.064823082320366,18.057721953624597,15.361797652841828,17.8408260345459,18.057721953624597,18.057721953624597,ARIMA
37,periodic,16.077626876073534,18.459505438151247,16.374084074580015,14.092516163589728,17.195430755615234,16.374084074580015,16.374084074580015,ARIMA
37,periodic,14.888126948230363,16.077626876073534,14.733977309322452,12.84836896441251,14.715219497680664,14.733977309322452,14.733977309322452,ARIMA
37,periodic,13.274198344679716,14.888126948230363,12.88412197465086,12.677783801513588,14.207381248474121,12.88412197465086,12.88412197465086,ARIMA
37,periodic,11.48266088262868,13.274198344679716,11.420915951343694,12.212699037127042,12.686607360839844,11.420915951343694,11.420915951343694,ARIMA
38,periodic,7.763680066354651,5.857475347529075,8.120214983822216,8.437731959826271,8.252816200256348,8.120214983822216,8.120214983822216,ARIMA
38,periodic,10.063515067191599,7.763680066354651,10.013822007268669,8.736230996502016,10.38759708404541,10.013822007268669,10.013822007268669,ARIMA
38,periodic,11.543079886983215,10.063515067191599,11.634356117616077,9.54925579491423,11.445415496826172,11.634356117616077,11.634356117616077,ARIMA
38,periodic,13.122274293725575,11.543079886983215,12.884583042489703,10.468875858655416,12.427411079406738,12.884583042489703,12.884583042489703,ARIMA
38,periodic,13.925943090798828,13.122274293725575,13.71564374638613,11.464315927170587,14.173344612121582,13.71564374638613,13.71564374638613,ARIMA
38,periodic,14.943609660919096,13.925943090798828,14.47095776225893,11.972166212775665,14.837203025817871,14.47095776225893,14.47095776225893,ARIMA
38,periodic,14.726972021374664,14.943609660919096,15.147920160206148,12.514091397574806,15.40636920928955,15.147920160206148,15.147920160206148,ARIMA
38,periodic,15.973097122484404,14.726972021374664,15.860903579507205,12.113075344996638,15.771047592163086,15.860903579507205,15.860903579507205,ARIMA
38,periodic,16.001728883371133,15.973097122484404,16.179476425751616,12.956963076102737,15.783196449279785,16.179476425751616,16.179476425751616,ARIMA
38,periodic,16.521296432715538,16.001728883371133,16.196705009088053,12.882515189856456,15.959905624389648,16.196705009088053,16.196705009088053,ARIMA
38,periodic,15.317493329084327,16.521296432715538,15.219272366613229,13.244644127998463,15.444676399230957,15.219272366613229,15.219272366613229,ARIMA
38,periodic,14.087820050992715,15.317493329084327,13.553400911112952,12.171520563418158,13.916500091552734,13.553400911112952,13.553400911112952,ARIMA
39,hybrid,25.624121059006693,28.45778568034083,25.776577192523767,23.620509399535102,26.807537078857422,26.807537078857422,26.807537078857422,XGBoost
39,hybrid,22.324136302014782,25.624121059006693,29.297686628174965,21.613304735252957,33.464866638183594,33.464866638183594,33.464866638183594,XGBoost
39,hybrid,19.44235173215521,22.324136302014782,28.069646732733965,19.841618857164207,26.10179328918457,26.10179328918457,26.10179328918457,XGBoost
39,hybrid,16.928898459467334,19.44235173215521,28.668324968317034,18.89284286995137,23.000593185424805,23.000593185424805,23.000593185424805,XGBoost
39,hybrid,15.960145732521646,16.928898459467334,24.16583214565544,18.23344416861096,18.06277847290039,18.06277847290039,18.06277847290039,XGBoost
39,hybrid,14.548634028605365,15.960145732521646,22.489416094556997,17.94509499772547,15.724596977233887,15.724596977233887,15.724596977233887,XGBoost
39,hybrid,13.417151580188321,14.548634028605365,17.54825609317821,17.53699830465759,14.773633003234863,14.773633003234863,14.773633003234863,XGBoost
39,hybrid,14.79241170784008,13.417151580188321,16.581142757830893,17.122905681312616,14.465008735656738,14.465008735656738,14.465008735656738,XGBoost
39,hybrid,15.140655624225456,14.79241170784008,13.901297112887214,17.23919897057498,14.874110221862793,14.874110221862793,14.874110221862793,XGBoost
39,hybrid,15.295320285203871,15.140655624225456,14.983867934699092,17.344051866842513,15.405003547668457,15.405003547668457,15.405003547668457,XGBoost
39,hybrid,15.777090704622136,15.295320285203871,13.771156006304166,17.37680269944028,16.833465576171875,16.833465576171875,16.833465576171875,XGBoost
39,hybrid,16.40282216416525,15.777090704622136,16.03353527844207,17.472173944932166,16.923147201538086,16.923147201538086,16.923147201538086,XGBoost
40,bursty,14.119707151203249,13.855549972063372,21.80270437261815,16.092388307917535,17.6845760345459,16.092388307917535,16.092388307917535,LSTM
40,bursty,14.741658124592883,14.119707151203249,24.256597547168607,16.290021663616987,27.433523178100586,16.290021663616987,16.290021663616987,LSTM
40,bursty,14.8086377268257,14.741658124592883,26.50448792908866,16.51731670658326,21.094219207763672,16.51731670658326,16.51731670658326,LSTM
40,bursty,14.69957945492186,14.8086377268257,25.611686948335322,16.566250559139917,21.372474670410156,16.566250559139917,16.566250559139917,LSTM
40,bursty,14.021852580307204,14.69957945492186,22.731505630476583,16.501275882356552,20.030778884887695,16.501275882356552,16.501275882356552,LSTM
40,bursty,13.669443635713188,14.021852580307204,17.198523739026722,16.242827759351215,19.543827056884766,16.242827759351215,16.242827759351215,LSTM
40,bursty,13.691693237475166,13.669443635713188,17.524076214031776,16.04147408404361,16.348386764526367,16.04147408404361,16.04147408404361,LSTM
40,bursty,14.015078531022507,13.691693237475166,15.123761498086672,15.972633163506082,16.9014835357666,15.972633163506082,15.972633163506082,LSTM
40,bursty,14.968408922160217,14.015078531022507,19.475722214927238,16.03476966196464,17.91170883178711,16.03476966196464,16.03476966196464,LSTM
40,bursty,14.46136545972011,14.968408922160217,19.403318527235125,16.33017591208804,17.769014358520508,16.33017591208804,16.33017591208804,LSTM
40,bursty,14.389464851724039,14.46136545972011,19.912624079503054,16.24467223775907,16.10444450378418,16.24467223775907,16.24467223775907,LSTM
40,bursty,14.968478624407032,14.389464851724039,17.26593689872117,16.184677230070854,15.912696838378906,16.184677230070854,16.184677230070854,LSTM
41,periodic,8.920840569646606,10.436683940226827,7.980241863248689,11.31319783291565,7.791904926300049,7.980241863248689,7.980241863248689,ARIMA
41,periodic,5.781862448996812,8.920840569646606,6.210889146846363,10.863564795956178,6.624248027801514,6.210889146846363,6.210889146846363,ARIMA
41,periodic,5.561080457783538,5.781862448996812,5.010604087489035,10.093398551668347,4.959652423858643,5.010604087489035,5.010604087489035,ARIMA
41,periodic,4.802369620953878,5.561080457783538,4.635479008510549,9.686506550398867,4.674783706665039,4.635479008510549,4.635479008510549,ARIMA
41,periodic,4.595246683883181,4.802369620953878,4.989757679649658,9.305700190018793,4.743694305419922,4.989757679649658,4.989757679649658,ARIMA
41,periodic,5.357212613712977,4.595246683883181,5.853903838940596,9.002356154978141,5.354453086853027,5.853903838940596,5.853903838940596,ARIMA
41,periodic,6.557643658729434,5.357212613712977,7.1001929549793354,8.890477253568658,7.370123863220215,7.1001929549793354,7.1001929549793354,ARIMA
41,periodic,7.881252200510132,6.557643658729434,8.464443600400045,9.01040878456389,6.487327575683594,8.464443600400045,8.464443600400045,ARIMA
41,periodic,9.695637616165152,7.881252200510132,9.810776210100942,9.333032862751022,9.42049503326416,9.810776210100942,9.810776210100942,ARIMA
41,periodic,12.31889479333653,9.695637616165152,11.072847219659884,9.940953499639715,11.297428131103516,11.072847219659884,11.072847219659884,ARIMA
41,periodic,12.524257937910352,12.31889479333653,12.323099263722687,11.07685088093788,13.324878692626953,12.323099263722687,12.323099263722687,ARIMA
41,periodic,13.214834628122551,12.524257937910352,13.300077192139367,11.437451911511882,14.013882637023926,13.300077192139367,13.300077192139367,ARIMA
42,bursty,9.880158298034308,10.767444595658473,17.44071739425015,11.61114745588115,11.274739265441895,11.61114745588115,11.61114745588115,LSTM
42,bursty,10.750143070785239,9.880158298034308,18.32572470774966,11.274931401775575,10.634058952331543,11.274931401775575,11.274931401775575,LSTM
42,bursty,10.820424455064872,10.750143070785239,14.495131197340076,11.44771257791567,10.936544418334961,11.44771257791567,11.44771257791567,LSTM
42,bursty,50.458632176697066,10.820424455064872,13.48515364875883,11.520793319829405,10.825518608093262,11.520793319829405,11.520793319829405,LSTM
42,bursty,42.03420145646039,50.458632176697066,26.72651900068665,32.72222815430722,34.52610778808594,32.72222815430722,32.72222815430722,LSTM
42,bursty,35.53692183586633,42.03420145646039,32.27873010514383,32.71870748047944,31.98029327392578,32.71870748047944,32.71870748047944,LSTM
42,bursty,27.88383638717028,35.53692183586633,24.871964125110576,24.71489665668217,24.887046813964844,24.71489665668217,24.71489665668217,LSTM
42,bursty,11.10555421750354,27.88383638717028,24.6718703946271,13.547828519044174,18.41597557067871,13.547828519044174,13.547828519044174,LSTM
42,bursty,12.247759065643725,11.10555421750354,12.041241774548418,8.74449088273904,10.116451263427734,8.74449088273904,8.74449088273904,LSTM
42,bursty,11.471662099002748,12.247759065643725,10.64305023154715,11.053204547266859,10.478446006774902,11.053204547266859,11.053204547266859,LSTM
42,bursty,11.066851424630162,11.471662099002748,12.426219351922274,11.34587548996953,11.50012493133545,11.34587548996953,11.34587548996953,LSTM
42,bursty,12.227892732379063,11.066851424630162,14.335217230823007,11.476949586501654,11.67989444732666,11.476949586501654,11.476949586501654,LSTM
43,bursty,14.50938844786003,12.284942090462426,15.518703566901511,14.550483673326486,12.003151893615723,12.003151893615723,14.550483673326486,XGBoost
43,bursty,56.0976671974789,14.50938844786003,15.585757995895275,15.027231051591983,13.589365005493164,13.589365005493164,15.027231051591983,XGBoost
43,bursty,47.27446564631491,56.0976671974789,26.81848556811113,37.609085190598044,36.1923828125,37.609085190598044,37.609085190598044,LSTM
43,bursty,39.873220886389134,47.27446564631491,26.12276741678283,37.03565449453147,31.507219314575195,37.03565449453147,37.03565449453147,LSTM
43,bursty,31.146156496556625,39.873220886389134,23.260297076582326,27.662493795970104,29.79902458190918,27.662493795970104,27.662493795970104,LSTM
43,bursty,15.198627692391236,31.146156496556625,22.701797709026597,16.841120107718265,21.00946044921875,16.841120107718265,16.841120107718265,LSTM
43,bursty,55.933550249045666,15.198627692391236,17.212048370010084,12.666433493713381,14.852682113647461,12.666433493713381,12.666433493713381,LSTM
43,bursty,31.60094474064922,55.933550249045666,53.70616596396802,35.10586567495842,31.321550369262695,35.10586567495842,35.10586567495842,LSTM
43,bursty,13.262225083075272,31.60094474064922,27.02998136704746,18.62377083076247,18.855669021606445,18.62377083076247,18.62377083076247,LSTM
43,bursty,13.700134815050909,13.262225083075272,15.272604907297556,14.376281906390302,18.39429473876953,14.376281906390302,14.376281906390302,LSTM
43,bursty,13.439973555132909,13.700134815050909,20.252391679781567,14.577667840888562,13.635193824768066,14.577667840888562,14.577667840888562,LSTM
43,bursty,14.844740093694575,13.439973555132909,17.44452899247614,14.567782267745063,16.38770866394043,14.567782267745063,14.567782267745063,LSTM
44,hybrid,15.616298943768477,12.027395352947728,21.148798862019525,16.316901222978398,14.88882064819336,14.88882064819336,14.88882064819336,XGBoost
44,hybrid,15.827040975198802,15.616298943768477,23.361022443144723,17.18209792599907,17.66731834411621,17.66731834411621,17.66731834411621,XGBoost
44,hybrid,16.473318999293934,15.827040975198802,23.433131285555373,17.563977652386768,17.566139221191406,17.566139221191406,17.566139221191406,XGBoost
44,hybrid,17.543516316132447,16.473318999293934,23.394541879400542,17.81350299217151,21.510610580444336,21.510610580444336,21.510610580444336,XGBoost
44,hybrid,21.270556371570994,17.543516316132447,23.73559904503925,18.181936730839325,19.72831916809082,19.72831916809082,19.72831916809082,XGBoost
44,hybrid,23.659011301820694,21.270556371570994,24.588052949889178,19.59198072636712,20.33942222595215,20.33942222595215,20.33942222595215,XGBoost
44,hybrid,25.650795082339396,23.659011301820694,24.179229241598485,20.95479942800425,26.249122619628906,26.249122619628906,26.249122619628906,XGBoost
44,hybrid,29.180575303357593,25.650795082339396,23.60260889294746,22.099409416663143,27.137540817260742,27.137540817260742,27.137540817260742,XGBoost
44,hybrid,29.66693383797534,29.180575303357593,23.233131459768245,24.101953852231755,31.63778305053711,31.63778305053711,31.63778305053711,XGBoost
44,hybrid,28.868012794611065,29.66693383797534,21.337029483898267,24.318496377961477,25.137081146240234,25.137081146240234,25.137081146240234,XGBoost
44,hybrid,24.429926540977306,28.868012794611065,19.257654221303778,23.51621350438503,21.27184295654297,21.27184295654297,21.27184295654297,XGBoost
44,hybrid,21.396707808920777,24.429926540977306,16.15124298300778,21.0183193946835,19.005985260009766,19.005985260009766,19.005985260009766,XGBoost
